# ZAP rule overrides. Tab separated: rule id, action, reason.
#
# Short on purpose. The five header findings this file used to carry were FIXED
# in src/archon/adapters/headers.py rather than silenced, which is the whole
# difference between a security gate and a security decoration.
#
# What is left is structural: findings that cannot be true here, each with the
# reason it cannot. Nothing is ignored to make the scan pass.
#
10027	IGNORE	(Suspicious comments: the page is deliberately commented for judges reading source)
10096	IGNORE	(Timestamp disclosure: the run journal publishes its own timestamps on purpose, that is the product)
10109	IGNORE	(Modern web application: the page is a modern web application)
90005	IGNORE	(Sub-resource integrity: there are no sub-resources, everything is inline and same-origin)
